Date of admission,Column1,Gender,Age,Mode of arrival,EMS advance notification received (if arrival was via Red Crescent / Cluster EMS),"If transferred from another hospital, What is the reason for referral?",Stroke Onset,Triage Time,Time of Physician assessment,Time of Non contrast CAT brain performance (scan),Type of Stroke ,Swallowing Screening Performed?,Time of Swallowing Screening (mm/dd/yyyy hh:mm),Swallowing Screening Result ,Candidate for IV thrombolysis?,"If no, reason for not giving IV thrombolysis?",Time of ordering IV thrombolysis,Time of administering IV thrombolysis,"If IV thrombolysis is delayed, provide medical reason & justification",Candidate for Mechanical thromboctomy (MT)?,"If no, reason for not performing Mechanical thromboctomy (MT)",Time of MT,"If Mechanical thromboctomy (MT) is delayed, provide medical reason & justification",Disposition?,Facility name,Cluster name
1/1/2025,,Male,69,Transferred from another hospital,,For Addmission,14:59,16:01,16:04,16:06,,,,,No,Contraindicated,,,,No,,,,Stroke unit,King Fahd Centeral Hospital,Jazan health directorate
1/5/2025,,Female,70,By private car,,,1:00,2:00,2:02,2:05,,,,,No,Contraindicated,,,,No,,,,Stroke unit,King Fahd Centeral Hospital,Jazan health directorate
1/6/2025,,Male,39,By private car,,,11:30,15:04,15:06,15:10,,,,,No,Contraindicated,,,,No,,,,Inpatient ward,Prince Mohamed bin Nasser Hospital,Jazan health directorate
1/7/2025,,Female,73,By ambulance (Red crescent),,,1:00,2:21,2:22,2:50,,,,,No,Contraindicated,,,,No,,,,ICU,Besh General Hospital,Jazan health directorate
1/13/2025,,Male,58,By private car,,,8:00,11:08,11:10,11:15,,,,,No,Contraindicated,,,,No,,,,Stroke unit,Prince Mohamed bin Nasser Hospital,Jazan health directorate
1/13/2025,,Male,83,By private car,,,8:30,12:05,12:07,12:13,,,,,No,Contraindicated,,,,No,,,,Stroke unit,Prince Mohamed bin Nasser Hospital,Jazan health directorate
1/13/2025,,Male,57,By private car,,,4:30,8:23,8:25,8:30,,,,,No,Contraindicated,,,,No,,,,Stroke unit,Prince Mohamed bin Nasser Hospital,Jazan health directorate
1/13/2025,,Male,89,By ambulance (Red crescent),,,14:00,16:10,16:12,16:20,,,,,No,Contraindicated,,,,No,,,,Transferred to another hospital,sabya General Hospital,Jazan health directorate
1/16/2025,,Male,70,Transferred from another hospital,,For Addmission,4:00,11:34,,,,,,,No,,,,,No,,,,Stroke unit,King Fahd Centeral Hospital,Jazan health directorate
1/16/2025,,Male,59,By private car,,,21:14,4:11,,,,,,,No,,,,,No,,,,Stroke unit,King Fahd Centeral Hospital,Jazan health directorate
1/16/2025,,Male,67,By ambulance (Red crescent),,,18:43,0:00,,,,,,,No,,,,,No,,,,Stroke unit,King Fahd Centeral Hospital,Jazan health directorate
1/16/2025,,Female,69,Transferred from another hospital,,For Addmission,13:44,17:01,17:03,17:13,,,,,No,Contraindicated,,,,Yes,,2/4/25 18:01,,Stroke unit,King Fahd Centeral Hospital,Jazan health directorate
1/17/2025,,Male,71,By private car,,,19:05,22:44,22:46,22:50,,,,,No,Contraindicated,,,,No,,,,Inpatient ward,Prince Mohamed bin Nasser Hospital,Jazan health directorate
1/18/2025,,Male,68,By private car,,,3:00,3:42,3:44,4:00,,,,,No,Contraindicated,,,,No,,,,Transferred to another hospital,Samtah General Hospital,Jazan health directorate
1/18/2025,,Male,45,By private car,,,19:30,23:40,23:43,23:57,,,,,No,Contraindicated,,,,No,,,,Stroke unit,King Fahd Centeral Hospital,Jazan health directorate
1/19/2025,,Male,63,By private car,,,7:30,11:51,,,,,,,No,Contraindicated,,,,No,,,,Stroke unit,King Fahd Centeral Hospital,Jazan health directorate
1/19/2025,,Female,78,By ambulance (Red crescent),,,13:00,14:20,14:22,14:29,,,,,No,Contraindicated,,,,No,,,,Inpatient ward,Abu Aresh General Hospital,Jazan health directorate
1/20/2025,,Male,69,By private car,,,4:30,6:00,6:15,6:20,,,,,No,Contraindicated,,,,No,,,,Transferred to another hospital,Jazan General Hospital,Jazan health directorate
1/20/2025,,Male,58,By private car,,,13:05,16:01,16:03,16:08,,,,,No,Contraindicated,,,,No,,,,Inpatient ward,Prince Mohamed bin Nasser Hospital,Jazan health directorate
1/20/2025,,Male,56,By private car,,,10:00,13:59,14:02,14:06,,,,,No,Contraindicated,,,,No,,,,Inpatient ward,Prince Mohamed bin Nasser Hospital,Jazan health directorate
1/20/2025,,Female,65,By private car,,,11:00,12:20,12:22,12:35,,,,,No,Contraindicated,,,,No,,,,Stroke unit,King Fahd Centeral Hospital,Jazan health directorate
1/21/2025,,Male,70,By private car,,,21:00,8:21,,,,,,,No,Contraindicated,,,,No,,,,Stroke unit,King Fahd Centeral Hospital,Jazan health directorate
1/22/2025,,Male,56,By private car,,,9:00,17:11,,,,,,,No,Contraindicated,,,,No,,,,Stroke unit,King Fahd Centeral Hospital,Jazan health directorate
1/24/2025,,Male,50,By private car,,,1:00,3:00,3:05,3:12,,,,,No,Contraindicated,,,,No,,,,Transferred to another hospital,Jazan General Hospital,Jazan health directorate
1/24/2025,,Male,62,By private car,,,7:00,7:02,7:04,8:57,,,,,No,Contraindicated,,,,No,,,,Transferred to another hospital,Abu Aresh General Hospital,Jazan health directorate
1/26/2025,,Female,81,Transferred from another hospital,,For Addmission,16:00,20:12,20:13,20:20,,,,,No,Contraindicated,,,,No,,,,Transferred to another hospital,King Fahd Centeral Hospital,Jazan health directorate
1/27/2025,,Male,68,Transferred from another hospital,,For Addmission,8:00,12:00,12:02,12:30,,,,,No,Contraindicated,,,,No,,,,Transferred to another hospital,King Fahd Centeral Hospital,Jazan health directorate
1/27/2025,,Male,63,By ambulance (Red crescent),,,7:00,8:00,8:02,8:30,,,,,No,Contraindicated,,,,No,,,,Stroke unit,King Fahd Centeral Hospital,Jazan health directorate
1/29/2025,,Male,69,By private car,,,11:00,12:00,12:05,12:08,,,,,No,Contraindicated,,,,No,,,,Transferred to another hospital,Jazan General Hospital,Jazan health directorate
1/30/2025,,Male,85,By private car,,,19:00,22:15,22:19,10:22,,,,,No,Contraindicated,,,,No,,,,Transferred to another hospital,Besh General Hospital,Jazan health directorate
1/30/2025,,Male,71,By ambulance (Red crescent),,,21:00,6:30,,,,,,,No,Contraindicated,,,,No,,,,Stroke unit,King Fahd Centeral Hospital,Jazan health directorate
1/31/2025,,Female,71,By private car,,,18:45,18:46,18:46,18:46,,,,,No,Contraindicated,,,,No,,,,Inpatient ward,Abu Aresh General Hospital,Jazan health directorate
1/31/2025,,Male,41,By private car,,,14:00,16:17,16:19,16:24,,,,,No,Contraindicated,,,,No,,,,Stroke unit,King Fahd Centeral Hospital,Jazan health directorate
1/31/2025,,Male,18,Transferred from another hospital,,For Addmission,19:00,5:36,,,,,,,No,Contraindicated,,,,No,,,,Stroke unit,King Fahd Centeral Hospital,Jazan health directorate
2/1/2025,,Female,83,By ambulance (Red crescent),,,4:30,7:19,,,,,,,No,Contraindicated,,,,No,,,,Inpatient ward,King Fahd Centeral Hospital,Jazan health directorate
2/2/2025,,Female,49,By private car,,,18:27,18:29,18:29,19:02,,,,,No,Contraindicated,,,,No,,,,Inpatient ward,Abu Aresh General Hospital,Jazan health directorate
2/5/2025,,Male,75,By ambulance (Red crescent),,,13:00,14:00,14:03,14:22,,,,,No,Contraindicated,,,,No,,,,Inpatient ward,Samtah General Hospital,Jazan health directorate
2/5/2025,,Male,42,By private car,,,15:55,16:31,16:35,16:38,,,,,No,Contraindicated,,,,No,,,,Inpatient ward,Prince Mohamed bin Nasser Hospital,Jazan health directorate
2/7/2025,,Male,91,Transferred from another hospital,,For Addmission,14:11,17:50,17:52,18:01,,,,,No,Contraindicated,,,,No,,,,ICU,King Fahd Centeral Hospital,Jazan health directorate
2/7/2025,,Female,73,By ambulance (Red crescent),,,18:00,20:42,20:44,20:51,,,,,No,Contraindicated,,,,No,,,,Inpatient ward,King Fahd Centeral Hospital,Jazan health directorate
2/9/2025,,Male,83,Transferred from another hospital,,For Addmission,6:00,8:59,9:01,9:13,,,,,No,Contraindicated,,,,No,,,,ICU,King Fahd Centeral Hospital,Jazan health directorate
2/10/2025,,Male,61,By private car,,,19:00,20:40,20:43,21:00,,,,,No,Contraindicated,,,,No,,,,Inpatient ward,sabya General Hospital,Jazan health directorate
2/10/2025,,Male,71,By private car,,,19:00,20:30,20:32,20:45,,,,,NO,Contraindicated,,,,No,,,,Inpatient ward,sabya General Hospital,Jazan health directorate
2/11/2025,,Male,62,By private car,,,23:20,0:23,0:24,0:43,,,,,NO,Contraindicated,,,,No,,,,Inpatient ward,sabya General Hospital,Jazan health directorate
2/11/2025,,Female,73,By private car,,,1:00,2:30,2:35,2:43,,,,,NO,Contraindicated,,,,No,,,,Inpatient ward,sabya General Hospital,Jazan health directorate
2/12/2025,,Male,54,By ambulance (Red crescent),,,18:00,20:50,20:52,20:55,,,,,NO,Contraindicated,,,,NO,,,,Inpatient ward,sabya General Hospital,Jazan health directorate
2/13/2025,,Female,65,Transferred from another hospital,,For Addmission,1:00,4:46,4:48,5:01,,,,,No,Contraindicated,,,,No,,,,Transferred to another hospital,King Fahd Centeral Hospital,Jazan health directorate
2/14/2025,,Female,88,By private car,,,9:30,11:00,11:05,11:30,,,,,No,Contraindicated,,,,No,,,,ICU,Samtah General Hospital,Jazan health directorate
2/14/2025,,Male,63,By private car,,,3:00,5:10,5:15,5:18,,,,,No,Contraindicated,,,,No,,,,Transferred to another hospital,Jazan General Hospital,Jazan health directorate
2/15/2025,,Male,69,By private car,,,10:30,12:30,12:32,12:41,,,,,Yes,,1/0/1900 13:18,1/0/1900 13:21,,No,,,,Stroke unit,King Fahd Centeral Hospital,Jazan health directorate
2/15/2025,,Female,77,Transferred from another hospital,,For Addmission,11:00,13:18,13:18,13:29,,,,,No,Contraindicated,,,,Yes,,1/0/1900 14:22,,Stroke unit,King Fahd Centeral Hospital,Jazan health directorate
2/19/2025,,Male,55,By private car,,,15:32,15:35,15:35,15:40,,,,,No,Contraindicated,,,,No,,,,Inpatient ward,Abu Aresh General Hospital,Jazan health directorate
2/19/2025,,Male,71,By ambulance (Red crescent),,,12:00,15:48,16:00,16:11,,,,,No,Contraindicated,,,,No,,,,Inpatient ward,King Fahd Centeral Hospital,Jazan health directorate
2/21/2025,,Female,27,By ambulance (Red crescent),,,22:51,1:52,1:54,2:08,,,,,No,Contraindicated,,,,No,,,,Inpatient ward,King Fahd Centeral Hospital,Jazan health directorate
2/22/2025,,Male,67,By private car,,,12:00,19:03,,,,,,,,Contraindicated,,,,No,,,,Inpatient ward,Samtah General Hospital,Jazan health directorate
2/23/2025,,Male,74,Transferred from another hospital,,For Addmission,3:30,9:35,,,,,,,No,Contraindicated,,,,No,,,,Transferred to another hospital,King Fahd Centeral Hospital,Jazan health directorate
2/23/2025,,Male,50,Transferred from another hospital,,For Addmission,9:10,11:24,11:26,11:37,,,,,No,Contraindicated,,,,No,,,,Transferred to another hospital,King Fahd Centeral Hospital,Jazan health directorate
2/24/2025,,Male,76,By private car,,,12:00,13:54,13:56,14:04,,,,,No,Contraindicated,,,,No,,,,Inpatient ward,King Fahd Centeral Hospital,Jazan health directorate
2/25/2025,,Female,76,Transferred from another hospital,,For Addmission,8:30,18:50,,,,,,,No,Contraindicated,,,,No,,,,Transferred to another hospital,King Fahd Centeral Hospital,Jazan health directorate
2/25/2025,,Female,66,By private car,,,14:00,17:00,17:02,17:10,,,,,Yes,,1/0/1900 17:48,1/0/1900 17:59,,No,,,,ICU,King Fahd Centeral Hospital,Jazan health directorate
2/26/2025,,Male,47,By ambulance (Red crescent),,For Addmission,9:00,10:01,10:03,10:11,,,,,Yes,,1/0/1900 10:48,1/0/1900 10:51,,No,,,,Stroke unit,King Fahd Centeral Hospital,Jazan health directorate
2/26/2025,,Male,64,By private car,,,12:00,18:30,,,,,,,,,,,,No,,,,Inpatient ward,Samtah General Hospital,Jazan health directorate
2/27/2025,,Male,50,By private car,,For Addmission,17:00,23:01,23:54,0:04,,,,,No,Contraindicated,,,,No,,,,ICU,King Fahd Centeral Hospital,Jazan health directorate
2/27/2025,,Male,49,By private car,,,0:00,1:59,2:03,2:07,,,,,No,Contraindicated,,,,No,,,,Inpatient ward,Prince Mohamed bin Nasser Hospital,Jazan health directorate
2/28/2025,,Male,62,Transferred from another hospital,,For Addmission,5:00,13:40,,,,,,,,,,,,No,,,,Stroke unit,King Fahd Centeral Hospital,Jazan health directorate
3/2/2025,,Female,62,By ambulance (Red crescent),,,11:00,14:40,14:42,14:51,,,,,No,Contraindicated,,,,No,,,,Stroke unit,King Fahd Centeral Hospital,Jazan health directorate
3/2/2025,,Male,53,By private car,,,21:00,21:30,21:35,21:10,,,,,NO,Contraindicated,,,,No,,,,Inpatient ward,sabya General Hospital,Jazan health directorate
3/2/2025,,Female,49,By private car,,,6:30,10:20,10:25,10:29,,,,,No,Contraindicated,,,,No,,,,Transferred to another hospital,Jazan General Hospital,Jazan health directorate
3/4/2025,,Female,80,By private car,,,0:00,6:15,,,,,,,,Contraindicated,,,,No,,,,Inpatient ward,sabya General Hospital,Jazan health directorate
3/5/2025,,Female,57,By private car,,,20:10,23:55,0:00,0:05,,,,,No,Contraindicated,,,,No,,,,ICU,Jazan General Hospital,Jazan health directorate
3/6/2025,,Female,90,By private car,,,17:00,18:40,18:45,18:50,,,,,No,Contraindicated,,,,No,,,,Transferred to another hospital,Jazan General Hospital,Jazan health directorate
3/7/2025,,Male,56,By private car,,,18:30,21:50,21:52,21:54,,,,,No,Contraindicated,,,,No,,,,Inpatient ward,Prince Mohamed bin Nasser Hospital,Jazan health directorate
3/7/2025,,Male,57,By private car,,,0:00,22:45,,,,,,,,Contraindicated,,,,No,,,,ICU,sabya General Hospital,Jazan health directorate
3/7/2025,,Male,47,By private car,,,1:10,14:28,14:32,14:40,,,,,No,Contraindicated,,,,No,,,,Inpatient ward,sabya General Hospital,Jazan health directorate
3/9/2025,,Female,26,By private car,,,2:40,8:00,,,,,,,,,,,,No,,,,Stroke unit,King Fahd Centeral Hospital,Jazan health directorate
3/10/2025,,Male,92,By ambulance (Red crescent),,,14:00,14:52,14:55,15:15,,,,,No,Contraindicated,,,,No,,,,Inpatient ward,sabya General Hospital,Jazan health directorate
3/11/2025,,Female,46,By private car,,,6:00,8:38,8:40,8:59,,,,,No,Contraindicated,,,,No,,,,Stroke unit,King Fahd Centeral Hospital,Jazan health directorate
3/12/2025,,Male,60,By private car,,,5:10,1:10,,,,,,,,Contraindicated,,,,No,,,,Transferred to another hospital,Jazan General Hospital,Jazan health directorate
3/12/2025,,Male,39,By private car,,,19:20,19:57,20:00,20:10,,,,,No,Contraindicated,,,,No,,,,Inpatient ward,sabya General Hospital,Jazan health directorate
3/12/2025,,Male,59,By private car,,,7:30,1:10,,,,,,,,Contraindicated,,,,No,,,,Transferred to another hospital,Jazan General Hospital,Jazan health directorate
3/13/2025,,Male,66,By private car,,,14:00,15:46,15:48,16:07,,,,,Yes,,1/0/1900 16:33,1/0/1900 16:35,,No,,,,Stroke unit,King Fahd Centeral Hospital,Jazan health directorate
3/15/2025,,Male,80,By private car,,,0:00,5:45,,,,,,,,Contraindicated,,,,No,,,,Inpatient ward,sabya General Hospital,Jazan health directorate
3/15/2025,,Female,77,By private car,,,20:45,20:50,20:51,20:55,,,,,Yes,,1/0/1900 21:40,1/0/1900 21:45,,No,,,,Transferred to another hospital,sabya General Hospital,Jazan health directorate
3/18/2025,,Male,78,By private car,,,6:30,10:48,10:52,11:30,,,,,No,Contraindicated,,,,No,,,,Inpatient ward,sabya General Hospital,Jazan health directorate
3/20/2025,,Male,32,By ambulance (Red crescent),,,12:00,13:02,13:06,13:06,,,,,No,Contraindicated,,,,No,,,,Transferred to another hospital,Abu Aresh General Hospital,Jazan health directorate
3/20/2025,,Male,71,By private car,,,0:00,19:50,,,,,,,,Contraindicated,,,,No,,,,Inpatient ward,sabya General Hospital,Jazan health directorate
3/20/2025,,Female,69,By private car,,,6:00,1:42,,,,,,,,Contraindicated,,,,No,,,,Inpatient ward,Samtah General Hospital,Jazan health directorate
3/21/2025,,Male,52,Transferred from another hospital,,For Addmission,0:07,1:03,1:05,1:11,,,,,No,Contraindicated,,,,No,,,,Stroke unit,King Fahd Centeral Hospital,Jazan health directorate
3/21/2025,,Male,50,Transferred from another hospital,,For Addmission,4:00,11:18,,,,,,,,Contraindicated,,,,No,,,,Stroke unit,King Fahd Centeral Hospital,Jazan health directorate
3/22/2025,,Male,83,Transferred from another hospital,,For Addmission,13:01,3:01,,,,,,,,Contraindicated,,,,No,,,,Stroke unit,King Fahd Centeral Hospital,Jazan health directorate
3/22/2025,,Male,74,By private car,,,3:22,4:52,4:55,5:10,,,,,No,Contraindicated,,,,No,,,,Stroke unit,King Fahd Centeral Hospital,Jazan health directorate
3/22/2025,,Male,42,By ambulance (Red crescent),,,19:50,22:00,22:02,22:13,,,,,Yes,,1/0/1900 22:31,1/0/1900 22:34,,No,,,,Stroke unit,King Fahd Centeral Hospital,Jazan health directorate
3/23/2025,,Male,49,By private car,,,8:30,9:07,9:10,9:13,,,,,No,Contraindicated,,,,No,,,,ICU,Jazan General Hospital,Jazan health directorate
4/2/2025,,Female,72,By ambulance (Red crescent),,,9:30,12:20,12:22,12:39,,,,,No,Contraindicated,,,,No,,,,Stroke unit,King Fahd Centeral Hospital,Jazan health directorate
4/3/2025,,Female,69,By private car,,,8:30,10:45,10:52,10:58,,,,,No,Contraindicated,,,,No,,,,Discharged home,King Fahd Centeral Hospital,Jazan health directorate
4/4/2025,,Female,67,By private car,,,15:01,15:48,15:53,15:58,,,,,Yes,,1/0/1900 16:26,1/0/1900 16:29,,No,,,,Stroke unit,King Fahd Centeral Hospital,Jazan health directorate
4/6/2025,,Male,64,By private car,,,16:30,19:45,19:52,19:56,,,,,No,Contraindicated,,,,No,,,,Discharged home,King Fahd Centeral Hospital,Jazan health directorate
4/7/2025,,Female,25,By private car,,,9:50,12:40,12:45,12:50,,,,,No,Contraindicated,,,,No,,,,in ED waiting for admission,Jazan General Hospital,Jazan health directorate
4/7/2025,,Female,60,By private car,,,18:30,22:30,22:37,22:47,,,,,No,Contraindicated,,,,No,,,,in ED waiting for admission,Jazan General Hospital,Jazan health directorate
4/7/2025,,Female,74,Transferred from another hospital,,For Addmission,17:30,20:02,20:04,20:11,,,,,No,Contraindicated,,,,No,,,,Stroke unit,King Fahd Centeral Hospital,Jazan health directorate
4/8/2025,,Female,63,By private car,,,4:50,8:59,9:02,9:14,,,,,No,Contraindicated,,,,No,,,,Discharged home,King Fahd Centeral Hospital,Jazan health directorate
4/9/2025,,Male,57,Transferred from another hospital,,,12:23,14:50,14:53,14:59,,,,,No,Contraindicated,,,,No,,,,Stroke unit,King Fahd Centeral Hospital,Jazan health directorate
4/15/2025,,Female,103,Transferred from another hospital,,For Addmission,4:00,6:57,6:59,7:11,,,,,No,Contraindicated,,,,No,,,,Transferred to another hospital,King Fahd Centeral Hospital,Jazan health directorate
4/16/2025,,Male,51,By private car,,,23:00,2:41,2:43,2:47,,,,,No,Contraindicated,,,,No,,,,Stroke unit,Prince Mohamed bin Nasser Hospital,Jazan health directorate
4/16/2025,,Male,47,By private car,,,7:15,10:16,10:19,10:23,,,,,No,Contraindicated,,,,No,,,,Stroke unit,Prince Mohamed bin Nasser Hospital,Jazan health directorate
4/16/2025,,Female,49,By ambulance (Red crescent),,,14:00,16:26,16:30,16:34,,,,,No,Contraindicated,,,,No,,,,Inpatient ward,Samtah General Hospital,Jazan health directorate
4/16/2025,,Female,51,By private car,,,13:00,8:40,8:43,8:45,,,,,No,Contraindicated,,,,No,,,,Inpatient ward,Besh General Hospital,Jazan health directorate
4/16/2025,,Female,27,By private car,,,23:00,0:00,0:06,0:11,,,,,No,Contraindicated,,,,No,,,,Transferred to another hospital,Besh General Hospital,Jazan health directorate
4/17/2025,,Male,47,By private car,,,1:00,3:16,3:19,3:24,,,,,No,Contraindicated,,,,No,,,,Discharged home,King Fahd Centeral Hospital,Jazan health directorate
4/17/2025,,Male,33,By private car,,,12:30,15:08,15:13,15:18,,,,,No,Contraindicated,,,,No,,,,Stroke unit,Prince Mohamed bin Nasser Hospital,Jazan health directorate
4/18/2025,,Male,74,By private car,,,17:00,19:58,20:03,20:08,,,,,No,Contraindicated,,,,No,,,,Stroke unit,Prince Mohamed bin Nasser Hospital,Jazan health directorate
4/18/2025,,Female,62,By private car,,,3:30,5:30,5:32,5:35,,,,,No,Contraindicated,,,,No,,,,Transferred to another hospital,Jazan General Hospital,Jazan health directorate
4/18/2025,,Male,65,By ambulance (Red crescent),,,14:00,16:30,16:36,16:39,,,,,No,Contraindicated,,,,No,,,,Transferred to another hospital,sabya General Hospital,Jazan health directorate
4/18/2025,,Male,78,By ambulance (Red crescent),,,13:00,15:05,15:08,15:13,,,,,No,Contraindicated,,,,No,,,,DAMA,sabya General Hospital,Jazan health directorate
4/19/2025,,Female,78,By private car,,,13:30,14:48,14:50,14:59,,,,,Yes,,1/0/1900 15:31,1/0/1900 15:34,,Yes,,1/0/1900 16:20,,Stroke unit,King Fahd Centeral Hospital,Jazan health directorate
4/19/2025,,Male,59,Transferred from another hospital,,For Addmission,19:00,21:47,21:49,22:09,,,,,Yes,,1/0/1900 22:36,1/0/1900 22:39,,No,,,,Stroke unit,King Fahd Centeral Hospital,Jazan health directorate
4/20/2025,,Female,68,By ambulance (Red crescent),,,0:22,1:31,1:33,1:41,,,,,No,Contraindicated,,,,No,,,,Stroke unit,King Fahd Centeral Hospital,Jazan health directorate
4/20/2025,,Male,64,By private car,,,11:05,12:42,12:48,12:50,,,,,No,Contraindicated,,,,No,,,,Stroke unit,Jazan General Hospital,Jazan health directorate
4/21/2025,,Male,69,Transferred from another hospital,,King Fahd Central Hospital in Jazan,9:00,6:00,9:02,9:11,,,,,No,Contraindicated,,,,No,,,,Stroke unit,King Fahd Centeral Hospital,Jazan health directorate
4/23/2025,,Female,47,By private car,,,11:10,9:30,11:12,11:19,,,,,No,Contraindicated,,,,No,,,,Stroke unit,King Fahd Centeral Hospital,Jazan health directorate
4/23/2025,,Female,39,Transferred from another hospital,,King Fahd Central Hospital in Jazan,10:28,7:00,10:30,10:41,,,,,No,Contraindicated,,,,No,,,,Stroke unit,King Fahd Centeral Hospital,Jazan health directorate
4/25/2025,,Male,68,By ambulance (Red crescent),,,23:06,23:36,23:45,0:00,,,,,No,Contraindicated,,,,No,,,,Transferred to another hospital,Samtah General Hospital,Jazan health directorate
4/26/2025,,Male,91,By private car,,,21:20,11:30,21:30,22:00,,,,,No,Contraindicated,,,,No,,,,Discharged home,King Fahd Centeral Hospital,Jazan health directorate
5/3/2025,,Male,41,Transferred from another hospital,,King Fahd Central Hospital in Jazan,1:00,1:06,1:06,1:06,,,,,No,Contraindicated,,,,No,,,,Stroke unit,King Fahd Centeral Hospital,Jazan health directorate
5/4/2025,,Male,68,Transferred from another hospital,,King Fahd Central Hospital in Jazan,5:30,12:12,12:12,12:12,,,,,No,Contraindicated,,,,No,,12:12,,Transferred to another hospital,King Fahd Centeral Hospital,Jazan health directorate
5/7/2025,,Male,70,By private car,,,6:01,6:37,7:39,6:48,,,,,No,Contraindicated,,,,No,,,,Stroke unit,King Fahd Centeral Hospital,Jazan health directorate
5/8/2025,,Female,82,By Red crescent,,,19:30,22:30,22:42,22:50,,,,,No,Contraindicated,,,,No,,,,Stroke unit,Jazan General Hospital,Jazan health directorate
5/8/2025,,Female,50,By private car,,,5:00,6:15,6:17,6:26,,,,,No,Contraindicated,,,,No,,7:03,,Discharged home,King Fahd Centeral Hospital,Jazan health directorate
5/9/2025,,Male,55,Transferred from another hospital,,King Fahd Central Hospital in Jazan,13:00,17:00,17:02,17:13,,,,,No,Contraindicated,,,,No,,17:48,,Stroke unit,King Fahd Centeral Hospital,Jazan health directorate
5/9/2025,,Male,96,By Red crescent,,,14:35,15:47,15:49,16:08,,,,,No,Contraindicated,,,,No,,16:08,,Discharged home,King Fahd Centeral Hospital,Jazan health directorate
5/9/2025,,Male,49,By Red crescent,,,7:50,8:15,8:22,8:43,,,,,No,Contraindicated,,,,No,,,,Stroke unit,Prince Mohamed bin Nasser Hospital,Jazan health directorate
5/9/2025,,Male,50,By Red crescent,,,15:00,18:01,18:02,18:13,,,,,No,Contraindicated,,,,No,,18:45,,Stroke unit,King Fahd Centeral Hospital,Jazan health directorate
5/9/2025,,Female,64,By private car,,,7:00,10:04,10:07,10:08,,,,,No,Contraindicated,,,,No,,,,Stroke unit,Prince Mohamed bin Nasser Hospital,Jazan health directorate
5/11/2025,,Male,74,Transferred from another hospital,,King Fahd Central Hospital in Jazan,12:30,16:14,16:16,16:23,,,,,Yes,,16:53,16:55,,,,,,Stroke unit,King Fahd Centeral Hospital,Jazan health directorate
5/11/2025,,Female,22,By private car,,,8:50,9:20,9:22,9:26,,,,,No,Contraindicated,,,,No,,,,Inpatient ward,sabya General Hospital,Jazan health directorate
5/12/2025,,Female,49,By private car,,,18:00,21:42,21:46,22:00,,,,,No,Contraindicated,,,,No,,,,Inpatient ward,sabya General Hospital,Jazan health directorate
5/12/2025,,Female,69,By private car,,,2:01,8:41,8:50,8:53,,,,,No,Contraindicated,,,,No,,,,Transferred to another hospital,Besh General Hospital,Jazan health directorate
5/13/2025,,Male,68,Transferred from another hospital,,King Fahd Central Hospital in Jazan,17:30,21:46,21:48,21:57,,,,,No,Contraindicated,,,,No,,22:16,,Stroke unit,King Fahd Centeral Hospital,Jazan health directorate
5/14/2025,,Male,67,By private car,,,7:48,9:53,9:55,10:07,,,,,No,Contraindicated,,,,No,,10:21,,Stroke unit,King Fahd Centeral Hospital,Jazan health directorate
5/14/2025,,Male,29,By Red crescent,,,14:20,16:10,16:13,16:15,,,,,No,Contraindicated,,,,No,,,,Discharged home,Jazan General Hospital,Jazan health directorate
5/16/2025,,Female,60,Transferred from another hospital,,King Fahd Central Hospital in Jazan,13:00,16:50,16:52,17:02,,,,,Yes,,17:28,17:31,,,,,,Stroke unit,King Fahd Centeral Hospital,Jazan health directorate
5/17/2025,,Female,61,By private car,,,13:45,14:00,14:03,14:05,,,,,No,Contraindicated,,,,No,,,,Transferred to another hospital,Samtah General Hospital,Jazan health directorate
5/18/2025,,Male,41,By private car,,,4:00,5:15,5:17,5:26,,,,,No,Contraindicated,,,,No,,5:48,,Discharged home,King Fahd Centeral Hospital,Jazan health directorate
5/19/2025,,Male,43,By Red crescent,,,10:30,11:00,11:02,11:13,,,,,No,Contraindicated,,,,No,,11:42,,Discharged home,King Fahd Centeral Hospital,Jazan health directorate
5/20/2025,,Male,72,By Red crescent,,,9:30,12:48,12:50,12:55,,,,,No,Contraindicated,,,,No,,,,Stroke unit,Jazan General Hospital,Jazan health directorate
5/20/2025,,Female,75,By private car,,,17:15,22:17,22:22,17:15,,,,,No,Contraindicated,,,,No,,,,Stroke unit,Besh General Hospital,Jazan health directorate
5/21/2025,,Female,65,Transferred from another hospital,,King Fahd Central Hospital in Jazan,14:00,5:02,5:03,5:04,,,,,No,Contraindicated,,,,No,,5:06,,Stroke unit,King Fahd Centeral Hospital,Jazan health directorate
5/22/2025,,Male,92,By Red crescent,,,0:10,3:55,4:00,4:10,,,,,No,Contraindicated,,,,No,,,,Stroke unit,Jazan General Hospital,Jazan health directorate
5/23/2025,,Male,39,By Red crescent,,,4:04,6:15,6:17,6:26,,,,,No,Contraindicated,,,,Yes,,6:48,,Stroke unit,King Fahd Centeral Hospital,Jazan health directorate
5/23/2025,,Female,64,By private car,,,23:45,0:45,0:47,0:58,,,,,No,Contraindicated,,,,No,,1:20,,Discharged home,King Fahd Centeral Hospital,Jazan health directorate
5/23/2025,,Female,44,By private car,,,4:30,6:20,6:22,6:32,,,,,No,Contraindicated,,,,No,,6:56,,Stroke unit,King Fahd Centeral Hospital,Jazan health directorate
5/24/2025,,Female,62,By private car,,,14:00,15:36,15:39,15:45,,,,,No,Contraindicated,,,,No,,,,Inpatient ward,sabya General Hospital,Jazan health directorate
5/24/2025,,Male,42,By private car,,,0:01,1:11,1:13,1:22,,,,,No,Contraindicated,,,,No,,1:59,,Stroke unit,King Fahd Centeral Hospital,Jazan health directorate
5/24/2025,,Female,76,By private car,,,20:15,21:15,21:20,21:24,,,,,No,Contraindicated,,,,No,,,,Transferred to another hospital,Samtah General Hospital,Jazan health directorate
5/26/2025,,Male,40,By private car,,,23:00,0:01,0:04,0:07,,,,,No,Contraindicated,,,,No,,,,Inpatient ward,sabya General Hospital,Jazan health directorate
5/26/2025,,Male,78,By Red crescent,,,21:56,23:58,23:59,0:02,,,,,No,Contraindicated,,,,No,,,,Stroke unit,Jazan General Hospital,Jazan health directorate
5/30/2025,,Male,83,By Red crescent,,,10:00,12:35,12:36,12:36,,,,,No,Contraindicated,,,,No,,,,Stroke unit,Jazan General Hospital,Jazan health directorate
6/3/2025,,F,82,By private car,,,22:00,11:36,11:39,0:45,,,,,No,Contraindicated,,,,No,,,,Stroke unit,sabya General Hospital,Jazan health directorate
6/5/2025,,F,62,By private car,,,9:50,10:08,10:10,10:12,,,,,Yes,,11:00,11:03,,No,,,,Transferred to another hospital,Samtah General Hospital,Jazan health directorate
6/5/2025,,M,62,By private car,,,13:00,20:55,20:59,21:05,,,,,No,Contraindicated,,,,No,,,,Stroke unit,Prince Mohamed Bin Nasser Hospital,Jazan health directorate
6/6/2025,,M,83,Transferred from another hospital,,,9:30,13:30,13:32,13:37,,,,,No,Contraindicated,,,,No,,,,Stroke unit,King Fahd Centeral Hospital,Jazan health directorate
6/6/2025,,F,66,By Red crescent,,,10:30,13:54,13:56,13:59,,,,,No,Contraindicated,,,,No,,,,Stroke unit,King Fahd Centeral Hospital,Jazan health directorate
6/6/2025,,F,48,By private car,,,7:30,7:55,7:57,8:06,,,,,Yes,,8:27,8:29,,No,,,,Stroke unit,King Fahd Centeral Hospital,Jazan health directorate
6/6/2025,,M,55,By private car,,,8:00,15:47,15:50,16:00,,,,,No,Contraindicated,,,,No,,,,Stroke unit,sabya General Hospital,Jazan health directorate
6/6/2025,,F,38,Transferred from another hospital,,,21:00,3:24,3:24,3:31,,,,,No,Contraindicated,,,,No,,,,Transferred to another hospital,King Fahd Centeral Hospital,Jazan health directorate
6/8/2025,,M,67,By Red crescent,,,8:30,14:06,14:10,14:13,,,,,No,Contraindicated,,,,No,,,,Stroke unit,sabya General Hospital,Jazan health directorate
6/9/2025,,M,61,Transferred from another hospital,,Damad General Hospital,16:00,20:01,20:05,20:06,,,,,No,Contraindicated,,,,No,,,,Stroke unit,sabya General Hospital,Jazan health directorate
6/10/2025,,M,54,By private car,,,2:30,3:55,4:00,4:13,,,,,No,Contraindicated,,,,No,,,,Stroke unit,Prince Mohamed bin Nasser Hospital,Jazan health directorate
6/11/2025,,F,74,By Red crescent,,,2:00,2:46,2:48,2:58,,,,,No,IV Thrombolysis not available,,,,No,,,,Stroke unit,King Fahd Centeral Hospital,Jazan health directorate
6/11/2025,,F,73,By private car,,,20:50,21:54,21:56,22:07,,,,,Yes,,22:27,22:29,,No,,,,Stroke unit,King Fahd Centeral Hospital,Jazan health directorate
6/12/2025,,M,46,By private car,,,11:03,15:55,15:59,16:02,,,,,No,Contraindicated,,,,No,,,,Stroke unit,sabya General Hospital,Jazan health directorate
6/12/2025,,F,63,By private car,,,11:30,12:22,12:23,12:30,,,,,Yes,,13:03,13:06,,No,,,,Transferred to another hospital,Samtah General Hospital,Jazan health directorate
6/13/2025,,M,42,Transferred from another hospital,,,20:00,12:30,12:36,12:41,,,,,Yes,,13:03,13:05,,No,,,,Stroke unit,King Fahd Centeral Hospital,Jazan health directorate
6/15/2025,,F,77,Transferred from another hospital,,,15:00,17:44,17:46,17:58,,,,,No,Contraindicated,,,,No,,,,Transferred to another hospital,King Fahd Centeral Hospital,Jazan health directorate
6/16/2025,,M,70,By private car,,,18:45,19:55,19:56,19:57,,,,,No,Contraindicated,,,,No,,,,Stroke unit,Prince Mohamed bin Nasser Hospital,Jazan health directorate
6/19/2025,,M,63,By private car,,,11:30,13:31,13:35,13:36,,,,,No,Contraindicated,,,,No,,,,Stroke unit,Prince Mohamed Bin Nasser Hospital,Jazan health directorate
6/21/2025,,M,62,By Red crescent,,,17:15,22:45,22:50,22:55,,,,,No,Contraindicated,,,,No,,,,Transferred to another hospital,sabya General Hospital,Jazan health directorate
6/21/2025,,M,28,Transferred from another hospital,,,3:00,12:41,12:43,12:55,,,,,No,Contraindicated,,,,No,,,,Transferred to another hospital,King Fahd Centeral Hospital,Jazan health directorate
6/21/2025,,M,68,Transferred from another hospital,,,8:00,15:48,15:50,16:09,,,,,No,Contraindicated,,,,No,,,,Transferred to another hospital,King Fahd Centeral Hospital,Jazan health directorate
6/21/2025,,F,38,Transferred from another hospital,,King Fahd Central Hospital in Jazan,10:02,10:01,10:02,10:05,,,,,No,Contraindicated,,,,No,,,,Transferred to another hospital,Jazan General Hospital,Jazan health directorate
6/22/2025,,M,50,By private car,,,0:00,12:12,12:16,12:18,,,,,No,Contraindicated,,,,No,,,,Stroke unit,sabya General Hospital,Jazan health directorate
6/24/2025,,M,61,By private car,,,3:00,4:30,4:33,4:40,,,,,No,Contraindicated,,,,No,,,,Stroke unit,sabya General Hospital,Jazan health directorate
6/25/2025,,M,33,By private car,,,15:10,18:15,18:21,18:30,,,,,No,Contraindicated,,,,No,,,,Transferred to another hospital,sabya General Hospital,Jazan health directorate
6/28/2025,,F,70,By private car,,,3:10,6:52,6:55,6:58,,,,,No,Contraindicated,,,,No,,,,Stroke unit,sabya General Hospital,Jazan health directorate
6/29/2025,,M,47,By Red crescent,,,5:30,6:30,6:33,6:42,,,,,No,Contraindicated,,,,No,,,,Stroke unit,sabya General Hospital,Jazan health directorate
6/30/2025,,F,49,By private car,,,3:40,4:10,4:12,4:15,,,,,No,Contraindicated,,,,No,,,,Stroke unit,sabya General Hospital,Jazan health directorate
7/2/2025,,F,53,Transferred from another hospital,,For Mechanical thromboctomy,2:30,5:15,5:23,5:25,,,,,No,Contraindicated,,,,Yes,,6:07,,Stroke unit,King Fahd Central Hospital in Jazan,Jazan health directorate
7/2/2025,,F,88,By ambulance (Red crescent),,,4:00,8:01,8:11,8:35,,,,,No,Contraindicated,,,,No,,,,Stroke unit,King Fahd Central Hospital in Jazan,Jazan health directorate
7/4/2025,,M,37,Transferred from another hospital,,For Mechanical thromboctomy,3:00,5:06,5:14,5:18,,,,,No,Contraindicated,,,,Yes,,5:50,,Stroke unit,King Fahd Central Hospital in Jazan,Jazan health directorate
7/4/2025,,M,59,By private car,,,12:30,13:22,13:28,13:31,,,,,No,Contraindicated,,,,No,,13:56,,Stroke unit,King Fahd Central Hospital in Jazan,Jazan health directorate
7/5/2025,,M,49,Transferred from another hospital,,For Mechanical thromboctomy,20:07,22:07,22:15,22:21,,,,,No,Contraindicated,,,,Yes,,22:41,,Stroke unit,King Fahd Central Hospital in Jazan,Jazan health directorate
7/7/2025,,M,85,By private car,,,22:30,23:02,23:08,23:39,,,,,Yes,,23:58,0:00,,No,,,,Stroke unit,Prince Mohamed Bin Nasser Hospital,Jazan health directorate
7/11/2025,,M,63,By ambulance (Red crescent),,,1:16,1:48,1:54,1:57,,,,,No,Contraindicated,,,,No,,,,ICU,Abi Areesh General Hospital,Jazan health directorate
7/11/2025,,M,87,By ambulance (Red crescent),,,4:00,5:47,5:55,5:50,,,,,No,Contraindicated,,,,No,,,,Stroke unit,Abi Areesh General Hospital,Jazan health directorate
7/12/2025,,M,45,By private car,,,12:00,18:53,18:59,19:07,,,,,No,Contraindicated,,,,No,,,,Stroke unit,sabya General Hospital,Jazan health directorate
7/12/2025,,F,61,By private car,,,0:00,8:13,8:20,8:22,,,,,No,Contraindicated,,,,No,,,,Stroke unit,sabya General Hospital,Jazan health directorate
7/13/2025,,F,76,By ambulance (Red crescent),,,5:53,5:51,5:59,5:59,,,,,No,Contraindicated,,,,No,,,,ICU,Jazan General Hospital,Jazan health directorate
7/13/2025,,M,66,By ambulance (Red crescent),,,11:15,13:33,13:39,13:42,,,,,No,Contraindicated,,,,No,,,,Stroke unit,Prince Mohamed Bin Nasser Hospital,Jazan health directorate
7/13/2025,, ,37,By ambulance (Red crescent),,,22:16,22:14,22:20,22:22,,,,,No,Contraindicated,,,,No,,,,Stroke unit,Jazan General Hospital,Jazan health directorate
7/14/2025,,M,54,By private car,,,8:33,8:31,8:37,8:40,,,,,No,Contraindicated,,,,No,,,,Stroke unit,Jazan General Hospital,Jazan health directorate
7/14/2025,,M,74,By private car,,,8:34,10:34,10:38,11:00,,,,,Yes,,11:29,11:30,,No,,,,Stroke unit,Samtah General Hospital,Jazan health directorate
7/15/2025,,M,68,By private car,,,20:30,2:17,2:22,2:24,,,,,No,Contraindicated,,,,No,,,,Stroke unit,King Fahd Central Hospital in Jazan,Jazan health directorate
7/15/2025,,F,62,By ambulance (Red crescent),,,22:42,22:39,22:44,22:45,,,,,No,Contraindicated,,,,No,,,,ICU,Jazan General Hospital,Jazan health directorate
7/16/2025,,M,45,Transferred from another hospital,,For Admission,8:00,22:48,22:58,22:59,,,,,No,Contraindicated,,,,No,,,,Stroke unit,King Fahd Central Hospital in Jazan,Jazan health directorate
7/18/2025,,M,67,By ambulance (Red crescent),,,5:30,6:36,6:44,6:48,,,,,Yes,,7:09,7:12,,No,,,,Stroke unit,King Fahd Central Hospital in Jazan,Jazan health directorate
7/20/2025,,M,24,By ambulance (Red crescent),,,9:49,9:48,9:54,9:56,,,,,No,Contraindicated,,,,No,,,,Stroke unit,Jazan General Hospital,Jazan health directorate
7/20/2025,,M,44,By private car,,,20:00,20:20,20:23,20:30,,,,,No,Contraindicated,,,,No,,,,ICU,Abi Areesh General Hospital,Jazan health directorate
7/21/2025,,M,68,By private car,,,1:00,1:30,1:37,1:40,,,,,No,Contraindicated,,,,No,,,,Stroke unit,sabya General Hospital,Jazan health directorate
7/21/2025,,F,99,By private car,,,23:59,3:21,3:26,4:09,,,,,No,Contraindicated,,,,No,,,,Stroke unit,Abi Areesh General Hospital,Jazan health directorate
7/23/2025,,M,53,Transferred from another hospital,,For Admission,18:00,21:35,21:37,21:42,,,,,No,Contraindicated,,,,No,,,,Stroke unit,King Fahd Central Hospital in Jazan,Jazan health directorate
7/23/2025,,M,20,By private car,,,6:00,21:30,21:39,21:59,,,,,No,Contraindicated,,,,No,,,,Stroke unit,Ahd Almasarha General Hospital,Jazan health directorate
7/23/2025,,F,84,By private car,,,22:20,23:21,23:23,23:30,,,,,No,Contraindicated,,,,No,,,,ICU,Abi Areesh General Hospital,Jazan health directorate
7/24/2025,,F,74,Transferred from another hospital,,For Admission,1:00,3:45,3:47,3:52,,,,,No,Contraindicated,,,,No,,,,Stroke unit,King Fahd Central Hospital in Jazan,Jazan health directorate
7/25/2025,,M,50,By private car,,,4:00,6:07,6:09,6:14,,,,,No,Contraindicated,,,,No,,,,Stroke unit,King Fahd Central Hospital in Jazan,Jazan health directorate
7/25/2025,,M,45,By private car,,,12:10,14:10,14:20,14:30,,,,,No,Contraindicated,,,,No,,,,Stroke unit,Ahd Almasarha General Hospital,Jazan health directorate
7/26/2025,,M,65,Transferred from another hospital,,For Admission,19:00,23:00,23:02,23:09,,,,,No,Contraindicated,,,,No,,,,Stroke unit,King Fahd Central Hospital in Jazan,Jazan health directorate
7/27/2025,,M,53,By private car,,,21:30,22:01,22:03,22:13,,,,,No,Contraindicated,,,,No,,,,Stroke unit,Abi Areesh General Hospital,Jazan health directorate
7/28/2025,,M,67,By private car,,,7:00,1:02,1:04,1:39,,,,,No,Contraindicated,,,,No,,,,ICU,Abi Areesh General Hospital,Jazan health directorate
7/29/2025,,M,60,By private car,,,3:00,16:19,16:28,16:45,,,,,No,Contraindicated,,,,No,,,,Stroke unit,Ahd Almasarha General Hospital,Jazan health directorate
8/1/2025,,M,55,By ambulance (Red crescent / EMS),Yes,,8/1/25 11:19,8/1/25 12:20,8/1/25 12:40,8/1/25 13:00,Hemorrhagic Stroke,No,,,No,Contraindicated,,,,No,Other,,,Stroke unit,King Fahad Central Hospital (KFCH),Jazan health directorate
8/5/2025,,M,74,By private car,,,8/5/25 2:21,8/5/25 3:12,8/5/25 3:15,8/5/25 3:19,Ischemic stroke,No,,,Yes,,8/5/25 3:52,8/5/25 3:56,,No,Other,,,Stroke unit,Samtah General Hospital,Jazan health directorate
8/5/2025,,M,51,Transferred from another hospital,,For Admission,8/5/25 11:00,8/5/25 14:10,8/5/25 14:13,8/5/25 14:15,Ischemic stroke,No,,,No,Contraindicated,,,,No,Other,,,Stroke unit,King Fahad Central Hospital (KFCH),Jazan health directorate
8/7/2025,,M,60,By ambulance (Red crescent / EMS),Yes,,8/7/25 16:55,8/7/25 17:10,8/7/25 17:15,8/7/25 17:30,Ischemic stroke,No,,,No,Contraindicated,,,,No,Other,,,ICU,Sabya General Hospital,Jazan health directorate
8/8/2025,,M,48,Transferred from another hospital,,For Admission,8/8/25 15:00,8/8/25 16:00,8/8/25 16:03,8/8/25 16:13,Ischemic stroke,No,,,No,Contraindicated,,,,No,Other,,,Stroke unit,King Fahad Central Hospital (KFCH),Jazan health directorate
8/9/2025,,M,63,By private car,,,8/9/25 4:47,8/9/25 6:15,8/9/25 6:17,8/9/25 6:25,Ischemic stroke,No,,,No,Contraindicated,,,,No,Other,,,Stroke unit,King Fahad Central Hospital (KFCH),Jazan health directorate
8/9/2025,,M,64,By private car,,,8/9/25 10:30,8/9/25 13:55,8/9/25 13:57,8/9/25 16:20,Hemorrhagic Stroke,No,,,No,Contraindicated,,,,No,Other,,,Transferred to another hospital,abuarish hospital  ,Jazan health directorate
8/12/2025,,F,88,By ambulance (Red crescent / EMS),Yes,,8/12/25 13:00,8/12/25 14:24,8/12/25 14:27,8/12/25 14:30,Ischemic stroke,No,,,Yes,,8/12/25 15:00,8/12/25 15:05,,No,Other,,,Stroke unit,King Fahad Central Hospital (KFCH),Jazan health directorate
8/13/2025,,M,65,By private car,,,8/13/25 4:33,8/13/25 5:41,8/13/25 5:43,8/13/25 5:52,Ischemic stroke,No,,,Yes,,8/13/25 6:19,8/13/25 6:22,,No,Other,,,Stroke unit,King Fahad Central Hospital (KFCH),Jazan health directorate
8/13/2025,,M,53,By private car,,,8/13/25 1:00,8/13/25 3:23,8/13/25 3:26,8/13/25 3:30,Ischemic stroke,No,,,No,Contraindicated,,,,No,Other,,,Stroke unit,King Fahad Central Hospital (KFCH),Jazan health directorate
8/14/2025,,M,26,By private car,,,8/14/25 20:00,8/14/25 23:58,8/15/25 0:01,8/15/25 0:10,Ischemic stroke,No,,,No,Contraindicated,,,,No,Other,,,Stroke unit,King Fahad Central Hospital (KFCH),Jazan health directorate
8/16/2025,,M,88,Transferred from another hospital,,For Admission,8/16/25 6:00,8/16/25 9:01,8/16/25 9:04,8/16/25 9:06,Ischemic stroke,No,,,No,Contraindicated,,,,No,Other,,,ICU,Sabya General Hospital,Jazan health directorate
8/16/2025,,M,50,Transferred from another hospital,,For Admission,8/15/25 16:00,8/16/25 17:48,8/16/25 17:52,8/16/25 18:00,Ischemic stroke,No,,,No,Contraindicated,,,,No,Other,,,ICU,Sabya General Hospital,Jazan health directorate
8/18/2025,,M,58,Transferred from another hospital,,For Admission,8/17/25 23:00,8/18/25 1:20,8/18/25 1:25,8/18/25 1:47,Ischemic stroke,No,,,No,Contraindicated,,,,No,Other,,,ICU,Sabya General Hospital,Jazan health directorate
8/18/2025,,M,56,By private car,,,8/18/25 17:35,8/18/25 19:42,8/18/25 19:44,8/18/25 19:52,Ischemic stroke,No,,,No,Contraindicated,,,,No,Other,,,Stroke unit,King Fahad Central Hospital (KFCH),Jazan health directorate
8/19/2025,,M,58,By ambulance (Red crescent / EMS),Yes,,8/19/25 14:34,8/19/25 15:30,8/19/25 15:39,,Ischemic stroke,No,,,No,Contraindicated,,,,No,Other,,,Stroke unit,King Fahad Central Hospital (KFCH),Jazan health directorate
8/19/2025,,F,41,By ambulance (Red crescent / EMS),Yes,,8/19/25 6:45,8/19/25 7:30,8/19/25 7:37,8/19/25 7:46,Ischemic stroke,No,,,No,Contraindicated,,,,No,Other,,,Stroke unit,King Fahad Central Hospital (KFCH),Jazan health directorate
8/19/2025,,M,46,By ambulance (Red crescent / EMS),Yes,,8/19/25 18:25,8/19/25 18:58,8/19/25 18:58,8/19/25 19:25,Ischemic stroke,No,,,No,Contraindicated,,,,No,Other,,,Stroke unit,King Fahad Central Hospital (KFCH),Jazan health directorate
8/19/2025,,F,54,By private car,,,8/19/25 12:30,8/19/25 13:38,8/19/25 13:43,8/19/25 13:45,Ischemic stroke,No,,,No,Contraindicated,,,,No,Other,,,Stroke unit,King Fahad Central Hospital (KFCH),Jazan health directorate
8/19/2025,,M,45,By ambulance (Red crescent / EMS),Yes,,8/19/25 21:25,8/19/25 21:55,8/19/25 21:57,8/19/25 22:04,Ischemic stroke,No,,,No,Contraindicated,,,,No,Other,,,Transferred to another hospital,Sabya General Hospital,Jazan health directorate
8/21/2025,,F,79,By private car,,,8/21/25 2:00,8/21/25 5:39,8/21/25 5:41,8/21/25 5:43,Other,No,,,No,Contraindicated,,,,No,Other,,,Stroke unit,King Fahad Central Hospital (KFCH),Jazan health directorate
8/22/2025,,M,75,By private car,,,8/22/25 21:00,8/22/25 22:07,8/22/25 22:11,8/22/25 1:30,Other,No,,,No,Contraindicated,,,,No,Other,,,Discharged home,Sabya General Hospital,Jazan health directorate
8/22/2025,,F,37,By ambulance (Red crescent / EMS),Yes,,8/23/25 20:30,8/23/25 21:00,8/23/25 21:10,8/23/25 21:15,Ischemic stroke,No,,,Yes,,8/23/25 21:30,8/23/25 21:35,,No,Other,,,Stroke unit,King Fahad Central Hospital (KFCH),Jazan health directorate
8/23/2025,,F,78,By ambulance (Red crescent / EMS),Yes,,8/22/25 22:00,8/23/25 2:14,8/23/25 2:16,8/23/25 2:20,Ischemic stroke,No,,,Yes,,8/23/25 2:49,8/23/25 2:53,,No,Other,,,ICU,Prince Mohammed Bin Nasser Jizan,Jazan health directorate
8/27/2025,,M,80,By private car,,,8/26/25 22:00,8/26/25 0:12,8/26/25 0:22,8/27/25 2:30,Ischemic stroke,No,,,No,Contraindicated,,,,No,Other,,,Stroke unit,King Fahad Central Hospital (KFCH),Jazan health directorate
8/27/2025,,M,81,Transferred from another hospital,,For Admission,8/26/25 23:13,8/27/25 2:23,8/27/25 2:25,8/27/25 2:32,Ischemic stroke,No,,,No,Contraindicated,,,,No,Other,,,Transferred to another hospital,Sabya General Hospital,Jazan health directorate
8/28/2025,,M,44,Transferred from another hospital,,For Admission,8/27/25 21:30,8/27/25 0:01,8/27/25 0:03,8/27/25 0:11,Ischemic stroke,No,,,No,Contraindicated,,,,No,Other,,,Stroke unit,King Fahad Central Hospital (KFCH),Jazan health directorate
8/29/2025,,F,74,By ambulance (Red crescent / EMS),Yes,,8/29/25 12:30,8/29/25 13:30,8/29/25 13:38,8/29/25 14:07,Hemorrhagic Stroke,No,,,No,Contraindicated,,,,No,Other,,,Stroke unit,King Fahad Central Hospital (KFCH),Jazan health directorate
9/2/2025,,Female,46,By Red crescent, ,,9/1/25 10:15,9/2/25 1:00,9/2/25 1:03,9/2/25 1:10,Hemorrhagic Stroke,Yes,9/2/25 2:10,Not Applicable,No,Contraindicated, , ,,No,,, ,Stroke unit,sabya General Hospital,Jazan health directorate
9/3/2025,,Male,64,By Red crescent, ,,9/3/25 12:30,9/3/25 14:54,9/3/25 14:59,9/3/25 15:04,Ischemic stroke,Yes,9/3/25 16:00,Pass,No,Contraindicated, , ,,No,,, ,Stroke unit,sabya General Hospital,Jazan health directorate
9/5/2025,,Male,63,By Red crescent, ,,9/5/25 3:30,9/5/25 5:09,9/5/25 5:13,9/5/25 5:20,Ischemic stroke,Yes,9/5/25 6:30,Pass,No,Contraindicated, , ,,No,,, ,Stroke unit,sabya General Hospital,Jazan health directorate
9/5/2025,,Male,63,Transferred from another hospital,Jizan hospital,,9/5/25 3:30,9/5/25 5:09,9/5/25 5:13,9/5/25 5:20,Ischemic stroke,Yes,9/5/25 6:30,Pass,No,Contraindicated, , ,,No,,, ,Stroke unit,King Fahd Central Hospital in Jazan,Jazan health directorate
9/6/2025,,Male,74,By private car, ,,9/6/25 6:00,9/6/25 6:38,9/6/25 6:41,9/6/25 7:00,Ischemic stroke,Yes,9/6/25 8:00,Fail,No,Contraindicated, , ,,No,,, ,Stroke unit,sabya General Hospital,Jazan health directorate
9/6/2025,,Male,47,Transferred from another hospital,Beesh General Hospital,,9/6/25 19:10,9/6/25 5:10,9/6/25 5:12,9/6/25 5:21,Hemorrhagic Stroke,Yes,9/6/25 5:14,Pass,No,Contraindicated, , ,,No,,, ,Stroke unit,King Fahd Central Hospital in Jazan,Jazan health directorate
9/6/2025,,Female,49,Transferred from another hospital,Alhorath General Hospital,,9/6/25 6:00,9/6/25 9:50,9/6/25 9:52,9/6/25 10:05,Ischemic stroke,Yes,9/6/25 9:54,Pass,No,Contraindicated, , ,,No,,, ,Stroke unit,King Fahd Central Hospital in Jazan,Jazan health directorate
9/7/2025,,Male,43,By private car, ,,9/7/25 20:00,9/7/25 7:01,9/7/25 7:03,9/7/25 7:12,Ischemic stroke,Yes,9/7/25 7:05,Pass,No,Contraindicated, , ,,No,,, ,Stroke unit,King Fahd Central Hospital in Jazan,Jazan health directorate
9/7/2025,,Male,82,By private car, ,,9/7/25 11:50,9/7/25 15:51,9/8/25 15:53,9/7/25 15:56,Ischemic stroke,Yes,9/7/25 19:00,Pass,No,Contraindicated, , ,,No,,, ,Stroke unit,Abi Areesh General Hospital,Jazan health directorate
9/8/2025,,Female,41,By Red crescent, ,,9/8/25 15:00,9/8/25 18:32,9/8/25 18:34,9/8/25 18:42,Ischemic stroke,Yes,9/8/25 18:36,Pass,No,Contraindicated, , ,,No,,, ,Stroke unit,King Fahd Central Hospital in Jazan,Jazan health directorate
9/10/2025,,Male,79,Transferred from another hospital,Altwaal General Hospital,,9/10/25 6:00,9/10/25 8:24,9/10/25 8:26,9/10/25 8:34,Ischemic stroke,Yes,9/10/25 8:28,Pass,No,Contraindicated, , ,,Yes,,9/10/25 9:12, ,Stroke unit,King Fahd Central Hospital in Jazan,Jazan health directorate
9/10/2025,,Female,58,Transferred from another hospital,King Fahd Central Hospital in Jazan,,9/10/25 1:45,9/10/25 3:05,9/10/25 3:07,9/10/25 3:14,Ischemic stroke,Yes,9/10/25 3:09,Pass,No,Contraindicated, , ,,No,,, ,Stroke unit,King Fahd Central Hospital in Jazan,Jazan health directorate
9/13/2025,,Male,69,By Red crescent, ,,9/13/25 8:35,9/13/25 8:33,9/13/25 8:34,9/13/25 8:40,Ischemic stroke,No,9/13/25 8:35,Fail,No,Contraindicated, , ,,No,,, ,ICU,Jazan General Hospital,Jazan health directorate
9/13/2025,,Female,57,Transferred from another hospital,aldarb,,9/13/25 8:35,9/13/25 8:33,9/13/25 8:34,9/13/25 8:40,Ischemic stroke,No,9/13/25 8:35,Pass,No,Contraindicated,,,,No,,,,Stroke unit,King Fahd Central Hospital in Jazan,Jazan health directorate
9/18/2025,,Male,63,By Red crescent, ,,9/18/25 2:00,9/18/25 3:10,9/18/25 3:12,9/18/25 3:19,Ischemic stroke,Yes,9/18/25 3:14,Pass,No,Contraindicated, , ,,No,,, ,Stroke unit,King Fahd Central Hospital in Jazan,Jazan health directorate
9/18/2025,,Male,88,Transferred from another hospital,Almuwassam,,9/18/25 16:30,9/18/25 20:41,9/18/25 20:43,9/18/25 20:50,Hemorrhagic Stroke,Yes,9/18/25 20:45,Pass,No,Contraindicated, , ,,No,,, ,Stroke unit,King Fahd Central Hospital in Jazan,Jazan health directorate
9/18/2025,,Female,88,By private car, ,,9/18/25 17:25,9/18/25 17:55,9/18/25 17:58,9/18/25 18:04,Ischemic stroke,No,9/18/25 18:00,Fail,No,Contraindicated, , ,,No,,, ,Transferred to another hospital,Samtah General Hospital,Jazan health directorate
9/19/2025,,Male,58,Transferred from another hospital,King Fahd Central Hospital in Jazan,,9/19/25 16:30,9/19/25 18:35,9/19/25 18:36,9/19/25 18:47,Ischemic stroke,Yes,9/19/25 18:38,Pass,Yes, ,9/19/25 19:00,9/19/25 19:00,,No,,, ,Stroke unit,King Fahd Central Hospital in Jazan,Jazan health directorate
9/19/2025,,Female,57,Transferred from another hospital,damad,,9/19/25 16:30,9/19/25 16:46,9/19/25 16:47,9/19/25 16:49,Ischemic stroke,Yes,9/19/25 17:00,Pass,Yes,,17:30,17:31,,No,,, ,Transferred to another hospital,Samtah General Hospital,Jazan health directorate
9/19/2025,,Female,56,Transferred from another hospital,Jizan hospital,,9/19/25 16:30,9/19/25 16:46,9/19/25 16:47,9/19/25 16:49,Ischemic stroke,Yes,9/19/25 17:00,Pass,No,Contraindicated,,,,No,,, ,Stroke unit,King Fahd Central Hospital in Jazan,Jazan health directorate
9/20/2025,,Female,97,By Red crescent, ,,9/20/25 17:30,9/20/25 18:42,9/20/25 18:47,9/20/25 18:53,Ischemic stroke,Yes,9/20/25 21:00,Not Applicable,No,Contraindicated, , ,,No,,, ,Stroke unit,sabya General Hospital,Jazan health directorate
9/21/2025,,Male,45,By private car, ,,9/21/25 11:00,9/21/25 16:11,9/21/25 16:18,9/21/25 16:22,Hemorrhagic Stroke,Yes,9/21/25 18:06,Pass,No,Contraindicated, , ,,No,,,,Inpatient ward,Prince Mohamed Bin Nasser Hospital,Jazan health directorate
9/22/2025,,Male,47,By Red crescent, ,,9/22/25 6:45,9/22/25 7:47,9/22/25 7:49,9/22/25 7:58,Ischemic stroke,No,9/22/25 9:00,Pass,No,Contraindicated, , ,,No,,, ,Stroke unit,Abi Areesh General Hospital,Jazan health directorate
9/22/2025,,Female,66,By private car, ,,9/22/25 16:00,9/22/25 23:18,9/22/25 23:20,9/22/25 23:31,Ischemic stroke,Yes,9/23/25 1:43,Pass,No,Contraindicated, , ,,No,,,,Inpatient ward,Prince Mohamed Bin Nasser Hospital,Jazan health directorate
9/23/2025,,Female,73,By private car, ,,9/23/25 20:14,9/23/25 21:00,9/23/25 21:02,9/23/25 21:12,Ischemic stroke,Yes,9/23/25 21:04,Pass,No,Contraindicated, , , ,No,,, ,Stroke unit,King Fahd Central Hospital in Jazan,Jazan health directorate
9/24/2025,,Female,84,By Red crescent, ,,9/24/25 17:00,9/24/25 19:18,9/24/25 19:20,9/24/25 19:31,Ischemic stroke,Yes,9/24/25 19:22,Pass,No,Contraindicated, , ,,No,,, ,Stroke unit,King Fahd Central Hospital in Jazan,Jazan health directorate
9/24/2025,,Male,37,By Red crescent, ,,9/24/25 11:45,9/24/25 12:00,9/24/25 12:02,9/24/25 12:13,Ischemic stroke,Yes,9/24/25 12:40,Fail,No,Contraindicated, , ,,No,,, ,Transferred to another hospital,Samtah General Hospital,Jazan health directorate
9/24/2025,,Male,51,By private car, ,,9/24/25 4:00,9/24/25 15:29,9/24/25 15:31,9/24/25 15:34,Ischemic stroke,Yes,9/24/25 16:55,Pass,No,Contraindicated, , ,,No,,,,Inpatient ward,Prince Mohamed Bin Nasser Hospital,Jazan health directorate